{"subway": [[42.3733705, -71.1189433], [42.3300185, -71.0571623], [42.300732, -71.114109], [42.233274, -71.0068894], [42.3736234, -71.0697182], [42.4265943, -71.0743731], [42.3425292, -71.057125], [42.3743325, -71.0302794], [42.3868747, -71.0047749], [42.3796991, -71.0228172], [42.3312546, -71.0955776], [42.39051, -70.9971875], [42.3588043, -71.0577716], [42.2758631, -71.0302411], [42.2667647, -71.020485], [42.3496554, -71.0638505], [42.2519622, -71.0054942], [42.437512, -71.0708872], [42.3108218, -71.0535376], [42.3522166, -71.0626074], [42.3595655, -71.0519869], [42.3973855, -70.9924965], [42.3691041, -71.0395764], [42.407816, -70.9925369], [42.4134836, -70.991668], [42.3624028, -71.0857205], [42.2075707, -71.0016289], [42.3612148, -71.0714527], [42.3961502, -71.1406803], [42.3968234, -71.1226481], [42.3525085, -71.0549447], [42.3554309, -71.0605001], [42.3563732, -71.0624614], [42.3883838, -71.1190344], [42.3205425, -71.0523783], [42.3613939, -71.0621197], [42.2999988, -71.0618652], [42.2931254, -71.0657999], [42.2844329, -71.0637251], [42.3621193, -71.0578172], [42.3652821, -71.0601496], [42.3926452, -71.0772595], [42.322596, -71.1002569], [42.3596262, -71.059488], [42.3475422, -71.07499], [42.3367191, -71.0893393], [42.341035, -71.0839643], [42.3653334, -71.1036028], [42.3103718, -71.1076496], [42.3172274, -71.1043073], [42.4016297, -71.0771978], [42.3842954, -71.0769775]], "light_rail": [[42.3480379, -71.0876524], [42.3325698, -71.1169495], [42.2675657, -71.0924273], [42.3517313, -71.0712808], [42.3427676, -71.0849488], [42.3489438, -71.0952999], [42.3362291, -71.1490016], [42.37128, -71.07615], [42.3563732, -71.0624614], [42.3499964, -71.0777332], [42.3667525, -71.0678231], [42.3532022, -71.064534], [42.3620711, -71.0580373], [42.3651729, -71.0603307], [42.2836794, -71.0630699], [42.2795773, -71.060352], [42.2724325, -71.0625194], [42.2703406, -71.0673729], [42.2676149, -71.0873955], [42.2683709, -71.0814166], [42.2700151, -71.0735366], [42.3328868, -71.2433312], [42.3258346, -71.2305997], [42.3189632, -71.2165133], [42.3373847, -71.2525527], [42.3417067, -71.1099518], [42.331321, -71.1267628], [42.3357966, -71.1405583], [42.3224872, -71.2054057], [42.3294468, -71.1923842], [42.3351797, -71.1482358], [42.3267628, -71.1646379], [42.3596262, -71.059488], [42.3451868, -71.1045987], [42.3459344, -71.1074235], [42.3401284, -71.1668292], [42.3769871, -71.0939352], [42.3797425, -71.0869371], [42.3879349, -71.0967886], [42.3942204, -71.1067638], [42.4002187, -71.1112549], [42.4082938, -71.1173102]], "cr": [[42.3733705, -71.1189433], [42.3300185, -71.0571623], [42.3480379, -71.0876524], [42.3325698, -71.1169495], [42.300732, -71.114109], [42.233274, -71.0068894], [42.2675657, -71.0924273], [42.3517313, -71.0712808], [42.3427676, -71.0849488], [42.4265943, -71.0743731], [42.3425292, -71.057125], [42.3489438, -71.0952999], [42.3743325, -71.0302794], [42.3868747, -71.0047749], [42.3796991, -71.0228172], [42.3312546, -71.0955776], [42.3588043, -71.0577716], [42.3473297, -71.0749406], [42.2758631, -71.0302411], [42.2667647, -71.020485], [42.3496554, -71.0638505], [42.2519622, -71.0054942], [42.3108218, -71.0535376], [42.3522166, -71.0626074], [42.3595655, -71.0519869], [42.3365581, -71.0892701], [42.4509194, -71.1378655], [42.3973855, -70.9924965], [42.3691041, -71.0395764], [42.4134836, -70.991668], [42.2810283, -71.2376026], [42.2934431, -71.2359713], [42.2732023, -71.2356807], [42.2813757, -71.1601407], [42.2866423, -71.145562], [42.2850048, -71.1539983], [42.2874874, -71.1303173], [42.2546247, -71.1257073], [42.3362291, -71.1490016], [42.2756834, -71.2155636], [42.37128, -71.07615], [42.3624028, -71.0857205], [42.2075707, -71.0016289], [42.3612148, -71.0714527], [42.3961502, -71.1406803], [42.3968234, -71.1226481], [42.3525085, -71.0549447], [42.3554309, -71.0605001], [42.3563732, -71.0624614], [42.3883838, -71.1190344], [42.3499964, -71.0777332], [42.3667525, -71.0678231], [42.3662875, -71.0622845], [42.3613939, -71.0621197], [42.2931254, -71.0657999], [42.3532022, -71.064534], [42.3620711, -71.0580373], [42.3621193, -71.0578172], [42.3651729, -71.0603307], [42.3652821, -71.0601496], [42.3926452, -71.0772595], [42.2795773, -71.060352], [42.2724325, -71.0625194], [42.2703406, -71.0673729], [42.2676149, -71.0873955], [42.2683709, -71.0814166], [42.2700151, -71.0735366], [42.3275642, -71.065583], [42.3515458, -71.0551533], [42.3258346, -71.2305997], [42.3189632, -71.2165133], [42.3373847, -71.2525527], [42.3417067, -71.1099518], [42.331321, -71.1267628], [42.3357966, -71.1405583], [42.3351797, -71.1482358], [42.3267628, -71.1646379], [42.3596262, -71.059488], [42.3451868, -71.1045987], [42.5171934, -71.144544], [42.2104244, -71.1475387], [42.2379268, -71.1335939], [42.253865, -71.1191616], [42.2802855, -71.0860598], [42.2935384, -71.0783921], [42.3050204, -71.076928], [42.3191048, -71.0686255], [42.2441681, -70.8375167], [42.2193438, -70.9223328], [42.2214725, -70.9680972], [42.2193671, -70.788091], [42.2450061, -70.8683113], [42.2360571, -70.902761], [42.4736871, -70.9226252], [42.5243492, -70.8959527], [42.2332641, -71.1584704], [42.2210526, -71.1839494], [42.2270272, -71.174391], [42.3743059, -71.2356117], [42.4587607, -71.0697952], [42.5216908, -71.1073204], [42.421693, -71.1332423], [42.4265668, -71.0742317], [42.4445709, -71.1403189], [42.4515046, -71.0693949], [42.3475422, -71.07499], [42.3367191, -71.0893393], [42.3006593, -71.1139175], [42.2094082, -71.0011318], [42.2519231, -71.0056552], [42.3205447, -71.0521108], [42.4626973, -70.9459192], [42.3881267, -71.1188003], [42.341035, -71.0839643], [42.3653334, -71.1036028], [42.3103718, -71.1076496], [42.3172274, -71.1043073], [42.4016297, -71.0771978], [42.3459344, -71.1074235], [42.3401284, -71.1668292], [42.3842954, -71.0769775], [42.3973004, -71.0424538], [42.3769871, -71.0939352], [42.4375099, -71.0707188], [42.3797425, -71.0869371], [42.3879349, -71.0967886], [42.3942204, -71.1067638], [42.4002187, -71.1112549], [42.4082938, -71.1173102], [42.4651788, -70.9406777]], "hospital": [[42.3498066, -71.0639959], [42.5118445, -70.9064467], [42.336038, -71.0707256], [42.3334252, -71.0755668]], "ferry": [[42.3512161, -71.0414946], [42.3556523, -71.0496805], [42.3727477, -71.0525492], [42.254171, -70.9198232], [42.3026554, -70.9200145], [42.3607955, -71.0499641], [42.3601422, -71.0274572], [42.3594308, -71.0504562], [42.3432532, -71.0366207], [42.3542823, -71.0483209], [42.3666784, -70.9737713], [42.3598648, -71.0484848], [42.3019976, -71.0318084], [42.3588655, -71.0485686], [42.267, -70.92078], [42.2795706, -70.9015377], [42.2987839, -70.9266298], [42.3195789, -70.9311164], [42.31922, -71.01011], [42.3263375, -70.9270736], [42.3535207, -71.043181], [42.3656133, -71.0421216], [42.3939181, -71.0707033], [42.3503165, -71.0404592], [42.3711832, -71.0452879], [42.3218254, -70.9886352], [42.3674399, -71.0601013], [42.4548267, -70.9478726], [42.3600531, -71.0487316]],